Consumption,Region
13.8,Northeast
12.91,Northeast
12.93,Northeast
13.56,Northeast
11.62,Northeast
10.73,Northeast
12.25,Northeast
13.13,Northeast
13.66,Northeast
11.18,Northeast
12.67,Northeast
14.12,Northeast
14.11,Northeast
13.07,Northeast
11.5,Northeast
11.67,Northeast
11.63,Northeast
13.48,Northeast
13.02,Northeast
14.61,Northeast
15.26,Northeast
13.35,Northeast
12.2,Northeast
14.39,Northeast
13.42,Northeast
16.3,Northeast
14.56,Northeast
11.27,Northeast
13.77,Northeast
15.65,Northeast
9.68,Northeast
13.78,Northeast
11.53,Northeast
11.59,Northeast
10.87,Northeast
14.31,Northeast
14.7,Northeast
11.14,Northeast
10.85,Northeast
10.06,Northeast
13.87,Northeast
11.7,Northeast
15.11,Northeast
13.91,Northeast
11.95,Northeast
13.51,Northeast
11.16,Northeast
11.14,Northeast
10.7,Northeast
12.22,Northeast
15.25,Northeast
11.76,Northeast
17.16,Northeast
13.39,Northeast
13.28,Northeast
12.17,Northeast
12.32,Northeast
13.62,Northeast
12.58,Northeast
11.18,Northeast
13.66,Northeast
12.59,Northeast
12.09,Northeast
12.82,Northeast
12.08,Northeast
10.38,Northeast
13.33,Northeast
13.21,Northeast
14.91,Northeast
10.31,Northeast
15.15,Northeast
14.63,Northeast
14.54,Northeast
13.86,Northeast
10.73,Northeast
13.22,Northeast
13.15,Northeast
14.26,Northeast
8.79,Northeast
11.69,Northeast
15.23,Northeast
18.24,Northeast
14.06,Northeast
16.16,Northeast
15.5,Northeast
13.67,Northeast
10.44,Northeast
12.77,Northeast
13.81,Northeast
11.54,Northeast
11.74,Northeast
13.95,Northeast
13.28,Northeast
10.93,Northeast
9.55,Northeast
15.92,Northeast
12.37,Northeast
13.06,Northeast
11.53,Northeast
12.13,Northeast
14.3,Northeast
15.27,Northeast
14.49,Northeast
13.52,Northeast
13.5,Northeast
13.25,Northeast
11.41,Northeast
15.12,Northeast
9.84,Northeast
10.57,Northeast
18.52,Midwest
21.25,Midwest
15.64,Midwest
17.55,Midwest
14.95,Midwest
11.52,Midwest
13.43,Midwest
18.44,Midwest
14.84,Midwest
14.21,Midwest
16.61,Midwest
11.63,Midwest
11.33,Midwest
14.33,Midwest
11.96,Midwest
15.58,Midwest
9.72,Midwest
13.25,Midwest
16.07,Midwest
15.68,Midwest
12.35,Midwest
15.95,Midwest
14.12,Midwest
12.94,Midwest
14.73,Midwest
17.41,Midwest
11.04,Midwest
13.84,Midwest
10.15,Midwest
15.55,Midwest
9.58,Midwest
16.86,Midwest
19.03,Midwest
17.47,Midwest
14.34,Midwest
9.12,Midwest
13.88,Midwest
14.41,Midwest
14.08,Midwest
9.93,Midwest
13.48,Midwest
12.7,Midwest
17.68,Midwest
9.83,Midwest
9.89,Midwest
12.47,Midwest
13.63,Midwest
16.42,Midwest
12.82,Midwest
15.12,Midwest
12.45,Midwest
16.81,Midwest
16.41,Midwest
15.14,Midwest
15.17,Midwest
15.36,Midwest
14.81,Midwest
21.58,Midwest
18.46,Midwest
16.7,Midwest
10.48,Midwest
16.81,Midwest
15.01,Midwest
15.81,Midwest
13.63,Midwest
14.76,Midwest
13.98,Midwest
10.95,Midwest
18.25,Midwest
19.87,Midwest
17.04,Midwest
13.29,Midwest
15.73,Midwest
9.61,Midwest
9.34,Midwest
14.2,Midwest
9.77,Midwest
18.01,Midwest
16.93,Midwest
16.21,Midwest
13.66,Midwest
16.55,Midwest
12.19,Midwest
12.51,Midwest
14.85,Midwest
11.77,Midwest
16.5,Midwest
14.43,Midwest
14.57,Midwest
11.87,Midwest
18.08,Midwest
10.79,Midwest
15.09,Midwest
10.59,Midwest
15.83,Midwest
17.03,Midwest
12.72,Midwest
12.91,Midwest
13.43,Midwest
13.63,Midwest
14.14,Midwest
13.58,Midwest
14.94,Midwest
7.2,Midwest
15.53,Midwest
18.43,Midwest
11.12,Midwest
11.85,Midwest
17.21,Midwest
16.56,Midwest
11.23,Midwest
17.07,Midwest
13.02,Midwest
14.6,Midwest
13.52,Midwest
11.26,South
11.91,South
9.16,South
5.96,South
7.55,South
13.33,South
12.24,South
8.59,South
11.65,South
7.2,South
11.12,South
9.2,South
9.2,South
7.96,South
8.02,South
9.05,South
10.8,South
11.83,South
13.48,South
11.52,South
11.92,South
8.44,South
8.77,South
10.84,South
11.47,South
12.54,South
10.42,South
8.35,South
8.2,South
9.37,South
8.23,South
12.35,South
9.96,South
11.05,South
11.04,South
9.67,South
11.99,South
8.97,South
11.89,South
12.65,South
10.66,South
10.02,South
13.84,South
11.13,South
13.04,South
15.96,South
8.12,South
6.75,South
13.93,South
9.82,South
9.51,South
8.4,South
9.24,South
9.22,South
11.82,South
5.7,South
10.49,South
9.69,South
8.85,South
13.18,South
7.06,South
7.21,South
10,South
7.93,South
10.23,South
9.11,South
6.86,South
11.91,South
8.71,South
5.53,South
9.22,South
11.18,South
7.88,South
8,South
8.53,South
8.34,South
7.49,South
9.69,South
7.09,South
7.7,South
8.78,South
10.11,South
9.89,South
11.07,South
11.73,South
10.78,South
11.28,South
10.39,South
12.14,South
6.04,South
8.78,South
9.03,South
12.96,South
8.32,South
9.56,South
10.47,South
14.04,South
11.46,South
9.49,South
10.67,South
8.41,South
9.31,South
6.9,South
8.18,South
8.59,South
11.22,South
14.61,South
7.13,West
8.06,West
7.13,West
6.89,West
8.78,West
8.51,West
12.87,West
10.51,West
8.44,West
5.78,West
11.3,West
7.74,West
8.52,West
12.5,West
10.36,West
6.14,West
5.13,West
9.66,West
14.75,West
8.34,West
8.46,West
11.12,West
9.34,West
7.85,West
6.37,West
10.45,West
8.34,West
10.71,West
9.3,West
14.58,West
13.01,West
10.02,West
7.71,West
10.6,West
8.74,West
10.42,West
9.38,West
8.23,West
10.92,West
8.6,West
7.97,West
10.14,West
11.3,West
9.7,West
7.6,West
7.5,West
7.65,West
11.78,West
12.4,West
13.1,West
7.71,West
8.6,West
11.14,West
8.25,West
8.3,West
13.34,West
13.12,West
7.76,West
6.44,West
5.55,West
7.31,West
11.04,West
10.53,West
7.12,West
9.32,West
9.89,West
9.91,West
9.44,West
11.45,West
11.19,West
11.22,West
10.33,West
5.63,West
11.89,West
9.91,West
12.87,West
8.06,West
11.82,West
7.69,West
7.93,West
10.64,West
13.29,West
10.49,West
11.49,West
9.08,West
6.97,West
10.8,West
8.51,West
11.94,West
11.54,West
10.77,West
7.61,West
3.91,West
1.55,West
12.5,West
9.3,West
10.6,West
7.14,West
12.71,West
8.01,West
8.72,West
3.5,West
11.18,West
9.34,West
6.61,West
11.72,West
11.54,West
11.21,West
7.75,West
8.21,West
4.77,West
10.46,West
11.59,West